{
  "로지스틱 회귀": {
    "정확도": 0.769,
    "정밀도": 0.42900302114803623,
    "재현율": 0.7717391304347826,
    "F1 점수": 0.5514563106796116,
    "AUC-ROC": 0.8379222612958226,
    "CV F1 평균": 0.7920349471322198,
    "CV F1 표준편차": 0.01021304731333718
  },
  "의사결정나무": {
    "정확도": 0.809,
    "정밀도": 0.4851063829787234,
    "재현율": 0.6195652173913043,
    "F1 점수": 0.5441527446300716,
    "AUC-ROC": 0.7891124520460358,
    "CV F1 평균": 0.864004099126474,
    "CV F1 표준편차": 0.01020971006844294
  },
  "랜덤포레스트": {
    "정확도": 0.85,
    "정밀도": 0.5988372093023255,
    "재현율": 0.5597826086956522,
    "F1 점수": 0.5786516853932584,
    "AUC-ROC": 0.8660019714407502,
    "CV F1 평균": 0.8992430161942151,
    "CV F1 표준편차": 0.007197091736525467
  },
  "XGBoost": {
    "정확도": 0.853,
    "정밀도": 0.6504065040650406,
    "재현율": 0.43478260869565216,
    "F1 점수": 0.5211726384364821,
    "AUC-ROC": 0.8594349424552429,
    "CV F1 평균": 0.8961031805846001,
    "CV F1 표준편차": 0.007243802393898135
  },
  "LightGBM": {
    "정확도": 0.84,
    "정밀도": 0.5952380952380952,
    "재현율": 0.4076086956521739,
    "F1 점수": 0.4838709677419355,
    "AUC-ROC": 0.8587222932651322,
    "CV F1 평균": 0.8952958640641123,
    "CV F1 표준편차": 0.003949761207727988
  },
  "그래디언트 부스팅": {
    "정확도": 0.844,
    "정밀도": 0.6014492753623188,
    "재현율": 0.45108695652173914,
    "F1 점수": 0.515527950310559,
    "AUC-ROC": 0.8646965579710144,
    "CV F1 평균": 0.8962343345521762,
    "CV F1 표준편차": 0.00762635992028006
  },
  "딥러닝 (MLP)": {
    "정확도": 0.792,
    "정밀도": 0.4439252336448598,
    "재현율": 0.5163043478260869,
    "F1 점수": 0.47738693467336685,
    "AUC-ROC": 0.7929121376811594,
    "CV F1 평균": 0.47738693467336685,
    "CV F1 표준편차": 0.0
  }
}